booktitle,year,pages,author,title,ee,abstract
STOC,1997,1-10,Johan Håstad,Some Optimal Inapproximability Results.,https://doi.org/10.1145/258533.258536,"We prove optimal, up to an arbitrary ε > 0, inapproximability results for Max-E k-Sat for k ≥ 3, maximizing the number of satisfied linear equations in an over-determined system of linear equations modulo a prime p and Set Splitting. As a consequence of these results we get improved lower bounds for the efficient approximability of many optimization problems studied previously. In particular, for Max-E2-Sat, Max-Cut, Max-di-Cut, and Vertex cover."
STOC,1997,11-20,"Sanjeev Khanna, Madhu Sudan 0001, David P. Williamson",A Complete Classification of the Approximability of Maximization Problems Derived from Boolean Constraint Satisfaction.,https://doi.org/10.1145/258533.258538,"n this paper we study the approximability of boolean constraint satisfaction problems. A problem in this class consists of some collection of “constraints”(ie, functions~:{O, I} k~{0, l}); an instance of a problem is a set of constraints applied to specified subsets of n boolean variables. Schaefer earlier studied the question of whether one could find in polynomial time a setting of the variables satisfying all constraints; he showed that every such problem is either in P or is NP-complete. We consider optimization variants of these problems in which one either tries to maximize the number of satisfied constraints(as in MAX 3SAT or MAX CUT) or tries to find an assignment satisfying all constraints which maximizes the number of variables set to 1 (aa in MAX CUT or MAX CLIQUE). We completely classify the approximability of all such problems. In the first case, we show that any such optimization problem is either in P or is MAX SNP-hard. In the second case, we show that such problems fall precisely into one of five classes, assuming P# NP: solvable in polynomialtime, approximable to within constant factors in polynomial time (but no better), approximable to within polynomial factors in polynomial time (but no better), not approximable to within any factor but decidable in polynomial time, and not decidable in polynomial time. This result proves formally for this class of problems two results which to this point have only been empirical observations; namely, that NP-hard problems in“sanjeev@ research bell-labs. corn. Fundamental Mathematics Research Department, Bell Labs, 700 Mountain Avenue, NJ 07974. This work was performed when the author was at the Department of Computer Science, Stanford University, Stanford, CA 94305. He was supported by a SchlumbergerFoundation Fellowship, an OTL grant, and NSF Grant CCR-9357849. tmadhu~ rratson. itm. corn. IBM Thomas J. Watson Research Center, PO Box 218, Yorktown Heights, NY 10598. $ dpw@ watson. ibm. corn. IBM Thomas J. Watson ResearchCenter, PO Box 218, Yorktown Heights, NY 10! VJRPcrrnwsmlIi) I] mLcdigll; tl 11A cx) pids01’: 111 (N’Ixlrl 1) 1’1111sn): llcri: lt Lw pdwml or clwsr< x) lll usc isyr: mlcd lvilhoul h pn) fidcd 11,: 11Ihc copies arc not mdc or dislrihlll. xl IilI’protil or ctmmkv’ci: ll dwtllngc Ihc copyright nolicc. lllc Iillc ol’lllc Illlldic: llitm nnd its Lhlc: Ippcar. am {nolicc is givm 11): 11copyright ishy pcrmissl (mt) l’lhc.\CA1. Inc.‘1’0ct) py olherwisc. W repuhlisI1. 10 p< xl< mswvtrs llr 10 rcdislrihufc 10 lists. rcqllircs spwilic pwmissi< m mdhlrlie"
STOC,1997,21-29,Luca Trevisan,When Hamming Meets Euclid: The Approximability of Geometric TSP and MST (Extended Abstract).,https://doi.org/10.1145/258533.258541,"We prove that the Traveling Salesperson Problem (MIN TSP) and the Minimum Steiner Tree Problem (MIN ST) are Max SNP-hard (and thus NP-hard to approximate within some constant r> 1) even if all cities (respectively, points) lie in the geometric space 7?”(n is the number of citieslpoints) and distances are computed with respect to the 11 (rectilinear) metric."
STOC,1997,30-39,John H. Reif,Approximate Complex Polynomial Evaluation in Near Constant Work Per Point.,https://doi.org/10.1145/258533.258543,"Given the n complex coefficients of a degree n–1 complex polynomial, we wish to evaluate the polynomial at a large number m~ n of points on the complex plane. This problem is required by many algebraic computations and so is considered in most basic algorithm texts (eg,[AHU 74]). We assume an arithmetic model of computation, where on each step we can execute an arithmetic operation, which is computed exactly. All previous exact algorithms [F 72, K 73, BM 75] cost at least work f2 (log2 n) per point, and previously, there were no known approximation algorithms for complex polynomial evaluation within the unit circle with work bounds better than the justest known exact algorithms. There are known approximation algorithms [R 88, PRT 92] for polynomial evaluation at real points, but these do not extend to evaluation at general points on the complex plane. We provide approximation algorithms for complex polynomial evaluation that cost, in many cases, near constant amortized work per point. Let k= log (IPi/e), where IPI is the sum of the moduli of the coefficients of the input polynomial P (z). Let~(zj) be an e–approz of P (z) if c upper bounds the modulus of the error of the approximation P (zj) at each evaluation point zj, that is Ip (zj)–~(zj) IS e; note that e is an absolute error bound rather than a relative error bound. In many applications (particularly in signal processing) the evaluation points~ j are fixed and require only poly-logarithmic k= log (lP1/e)= O (logO (l) n); for these cases we get a surprising reduction in work by use of approximation algorithms, as compared to the fastest known exact algorithms. We c–approx complex degree n–1 polynomial evaluation at mzn log n/log’k fixed points on or within the unit disk in the complex plane in amortized work 0 (log2 k) per point, which is 0 (10g2 logn) for poly-Iogarithmic k. If the m points are not fixed, then we have increased amortized work 0 (log2 k+ log m) t~ &&~~: De~ artm~ ntof Computer Science, Duke University, Durham, NC 27708-0129. E-mail: reifQcs. duke. edu, URL: http://www. cs. duke. edu/~ reif/HomePage. html. Supportedby NSF Grant NSF-IRI-91-00681and Army ResearchOffice contract DAAH-04-96-1-0448. per point, which is O (log m) for poly-logarithmic k and m~ n log n/log k, and is still substantially below the previous bound of il (log’m) for known exact algorithms. We further reduce our amortized bounds for special sets of evaluation points widely used in signal processing applications. The chirp tmnsfonn is equivalent to evaluating a complex degree n–1 polynomial at the chirp points, which are< J, j= O,.... m–1, for some fixed complex number (. We c–approx complex degree n–1 polynomial evaluation at these m chirp points, where m~ n log n/log2 k and 111< 1 in amortized work O (log k) per point, whereas the previous best bounds for exact evaluation (via the chirp transform) were il (log m) per point [ASU 75]. All these results use an interesting reduction to fast Multipole algorithms for solving Trummer’s problem. Using instead a reduction to approximate real polynomial evaluation (by interpolation at the Chebychev points), in total work O (n log k), we (i)~–approx the evaluation of a degree n polynomial at the first n powers of the n’th root of unity, where n’~ Q (n2/k), and (ii) c–approx the n-point DFT for certain inputs with descending coefficient magnitude. All of our results require poly-logarithmic (that is, logo (l) n) depth with the same work bounds. We also provide a lower bound for a wide class of schemes for approximate evaluation of a degree n–1 polynomial on the unit circle; namely we prove that if a scheme uses an approximation polynomial of degree k–1, then it can only …"
STOC,1997,40-47,"Joe Buhler, Mohammad Amin Shokrollahi, Volker Stemann",Fast and Precise Computations of Discrete Fourier Transforms Using Cyclotomic Integers.,https://doi.org/10.1145/258533.258545,"Many applications of fast fourier transforms (FITs), such as computer-tomography, geophysical signal processing, high resohstion imaging radars, and prediction filters, require high precision output. The usual method of fixed point computationof FIT’s of vectors of length 21 leads to an average loss of f/2 bits of precision. This phenomenon, often referredto as computationalnoise, causes major problems for arithmeticunits with limited precision which areoften used for real time applications. Severalresearchers have noted thatcalculation of ITT’s with algebraic integersavoids computationalnoise entirely, see, eg,[3]. We will show thatcomplex numberscan be approximatedaccuratelyby cyclotomic integers, andcombine this idea with Chinese remainderingstmtegiesin the cyclotomic integersto, rotsgbly, give a O (b’” L log (L)) algorithmto compute b-bit precision FIT’s of length L. The firstpart of thepaperwill describe the~ strategy, assuminggood approximation algorithms; the second partpresentsanew, general, andefticient algorithmfor a~ proximatingcomplex numbersby cyclotomic integersin Z [e2*’\2] whose coefficients, when expressedas polynomials in e’~ ii’”, are bounded in absolutevalue by some integer M. For fixed n our algorithm runsin time 0 (log (A4)), and produces an approximation with worst case errorof 0 (1/A42”-2’1). We will prove thatthis algorithm has optimal worst case emor by proving a correspondinglower bound on the worstcase errorof any approximationalgorithm for this task. Firstimplementationsof our algorithmsindicate thatthey are fast enough to be used for the design of low cost high speecfhigh precision FIT-chips. qDepartmentof Mathematics, ReedCollege, Portland, Osegon, USA, jpb@ reed. edu tInternationalComputerScienceInstituteBerkeley, andInstitutfir InforrnatikderUnivershiitBonn, Germany, amiru? ics i. berkeley. edu. Researchsupportedby a Habiihationsstipendiumof the Deutsche Forschungsgemeinschaft, GrantSh57/1-l i Re~ e~ h donewhfleattheInternationalComputerSciencehIStitUte"
STOC,1997,48-53,Robert Beals,Quantum Computation of Fourier Transforms over Symmetric Groups.,https://doi.org/10.1145/258533.258548,"Many algorithmic developments in quantum complexity theory, including Shor’s celebrated algorithms for factoring and discrete logs, have made use of Fourier transforms over abelian groups. That is, at some point in the computation, the macline is in a superposition of states corresponding to elements of a finite abelian group G, and in quantum polynomial time (ie, polynomial in log IGI), the machine is transformed according to the Fourier transform to a superposition of states corresponding to the irreducible representations of G. We give a quantum polynomial time algorithm for the Fourier transform for the symmetric groups Sn, adapting results obtained by Clausen and Diaconis–Rockmore to the quantum setting."
STOC,1997,54-65,"Ming-Yang Kao, Tak Wah Lam, Teresa M. Przytycka, Wing-Kin Sung, Hing-Fung Ting",General Techniques for Comparing Unrooted Evolutionary Trees.,https://doi.org/10.1145/258533.258550,"This paper presents two sets of techniques for comparing unrooted evolutionary trees, namely, label compression and four-way dvnamic programming. The technique of four-way dynamic programming transforms existing algorithms for computing rooted maximum agree ment subtrees into new ones for unrooted trees. Let n be the size of the two input trees. This technique leads to an O (n log n)-time algorithm for unrooted trees whose degrees are bounded by a constant, matching the best known complexity for the rooted binary case. The technique of label compression is not based on dynamic programming. With this technique, we obtain an O (nl” 5 log n)-time algorithm for unrooted trees with arbitrary degrees, also matching the best algorithm for the rooted unbounded degree case."
STOC,1997,66-75,"Richard Cole 0001, Ramesh Hariharan",Tree Pattern Matching and Subset Matching in Randomized O(n log3m) Time.,https://doi.org/10.1145/258533.258553,"The Subset Matching problem is to find all occurrences of a pattern string p of length m in a text string t of length n, where each pattern and text location is a set of characters drawn from some alphabet. The pattern is said to occur at text position i if the set p~] is a subset of the set t [i+ j–1], for allj, 1< j< m. Wegivean O ((s+ n) log2 mlog (s+ n)) randomized algorithm for this problem, wheres denotes the sum of the sizes of all the sets. Then we reduce the Tree Pattern Matching problem to a number of instances of the Subset Matching problem. This reduction takes linear time and the sum of the sizes of the Subset Matching problems obtained is also linear. Coupled with our first result, this implies an O (n logz m log n) time randomized algorithm for the Tree Pattern Matching problem."
STOC,1997,76-85,"Dima Grigoriev, Marek Karpinski",Randomized Omega(n2) Lower Bound for Knapsack.,https://doi.org/10.1145/258533.258555,"We prove f2 (n2) complexity lower bound for the general model of randomized computation trees solving the Knapsack Problem, and more generally Restricted Integer Programming. This is the first nontrivial lower bound proven for this model of computation. The method of the proof depends crucially on the new technique for proving lower bounds on the border complexity of a polynomial which could be of independent interest."
STOC,1997,86-91,"Ramamohan Paturi, Michael E. Saks, Francis Zane",Exponential Lower Bounds for Depth 3 Boolean Circuits.,https://doi.org/10.1145/258533.258556,"We consider theclass~ k of unboundedfan-in depth-3 boolean circuits, for which the bottom fan-in is limited by k and thetop gateis an OR. It is known tJtatthe smallestsuch circuit computing the parityfunctionhasf2 (2’nlk) gates (fork= O (nl/2)) forsomee> 0, and this was the best lower bound known for explicit (P-time computable) functions. In this paper, for k= 2, we exhibit functions in uniform NC 1thatrequires2n-dn) size depth3circuits. The main tool is a theoremthatshows thatany% 2circuit on n variables thatacceptsa inputsandhassizes mustbe constanton aprojection (subsetdetinedby equationsof theform~ i= O, Z,= 1, z,= Xl or~:=~ 1) of dimension at least w."
STOC,1997,92-109,Alexander Vardy,Algorithmic Complexity in Coding Theory and the Minimum Distance Problem.,https://doi.org/10.1145/258533.258559,"We start with an overviewof algorithmiccomplexity problemsin coding theory We then show that the problemof computing the minimumdiktanceof a binaryIinwr code is NP-hard, and the correspondingdeci~” onproblemis W-complete. This constitutes a proof of the conjecture Bedekamp, McEliece, vanTilborg, dating back to 1978. Extensionsand applicationsof this result to other problemsin codingtheqv are discussed.1. Introduction. This paper is organized in a manner contrapositive to the talk. In the talk, we give a detailed overviewof algorithmic complexity issueain codhg theory. Herein, we start with an overviewof the prominentrole that computational complexity plays in coding theory: we briefly survey the numerousalgorithmic complexity issuesthat arise in code construction and decoding. Subsequently, we focus on one specific problem. Namely, we consider the problem of computing the minimum distance of a linearcode, which is also equivalentto the problem of finding the shortest cycle in a linear matroid over a finite field [90]. A long-standing conjecture [12] says that this problem is NP-hard, and we will settle this conjecture in the ai% rmative. We provide a detailed proof. We hope that our proof illustratessome of the elegant techniques used in coding theory today, such as the construction of MDS codes via Vandermondematrices [15, 59, 72] and concatenated coding [23, 31], for instance. It is interestingthat algebraic techniques of this kind cart be employed to answer an essentially combinatorial question. The complexity of computing the minimum distance and the proof of the conjecture of Berlekamp, McEliece, and vanTilborg [12] will be only briefly mentioned in the talk."
STOC,1997,110-119,"Stefano Leonardi 0001, Danny Raz",Approximating Total Flow Time on Parallel Machines.,https://doi.org/10.1145/258533.258562,"Guaranteed quality of service is one of the most challenging aspects in many areas of computer science. In areas like networks and parallel computing, guaranteeing high performances for each user is the main task of algorithm and protocol designers. One major problem that arises in this context is quantifying the overall quality of service. In other words, which functions should we try to optimize when designing such systems. One relevant objective function is the overall time the users are spending in the system (both waiting for a service and being served). Minimizing this time will yield a better service in general. In this paper we study this function in the context of scheduling problems, in this community this function is referred to as the total flow time. It turns out that the problem of finding an optimal flow time for a set of jobs with rele~ e times on mz 2 identical machines, is A’P-hard even if we allow preemption. Although optimizing the flow time is known to be an important scheduling problem for more than two decades [B74], no results were known for this case. In this paper we provide the first non-trivial approximation results for this problem on parallel machines.The Model: We are given a set J of n jobs, and m identical machines Ml,... A4~. Job j (we indicate the generic job of the set J by the index j, j= 1,.... n) is described by a pair of real numbers (rJ, pj), where Tj z Ois the release time and pj~ Ois the processing time of the job. Assume w, leg that time Ois the earliest release time of any job in J. In the non-preemptive version of the problem, each job j must be processed without interruption for a time p?> 0 on one of the m machines, each of which can process at most one job at a time. In the preemptive version, a job that is running can be preempted and continue later on any machine. Clearly, ajob cannot be processed before its release time."
STOC,1997,120-129,"Jeff Edmonds, Donald D. Chinn, Tim Brecht, Xiaotie Deng",Non-clairvoyant Multiprocessor Scheduling of Jobs with Changing Execution Characteristics (Extended Abstract).,https://doi.org/10.1145/258533.258565,"A multiprocessor system is unlikely to have access to information about the execution characteristics of the jobs it is to schedule. In this work, we are interested in scheduling algorithms for batch jobs that require no such knowledge (such algorithms are called non-clairvoyant).Preemptive scheduling (ie, redistribution of processors) is important to reduce mean response time in multiprocessor systems, especially in the widely available network of workstations. Preemption is a method to adapt to the uncertain and changing nature of jobs and workloads. Unfortunately, preemption may incur large overheads if it is applied frequently. To account for the cost preemptions, we consider a number of simple scheduling algorithms classified by the number of preemptions they rue allowed, ranging from none to an iniinite number."
STOC,1997,130-139,Susanne Albers,Better Bounds for Online Scheduling.,https://doi.org/10.1145/258533.258566,"We study a classical problem in online scheduling. A sequence of jobs must be scheduled on m identical parallel machines. As each job arrives, its processing time is known. The goal is to minimize the makespan. Bartal, Fiat, Karloff and Vohra [3] gave a deterministic online algorithm that is 1.986-competitive.~ arger, Phillips and Torng [11] generalized the algorithm and proved an upper bound of 1.945. The best lower bound currently known on the competitive ratio that can be achieved by deterministic online algorithms it equal to 1.837. In this paper we present an improved deterministic online scheduling algorithm that is 1.923-competitive, for all m~ 2. The algorithm is based on a new scheduling strategy, ie, it is not a generalization of the approach by Bartal et al. Also, the algorithm has a simple structure. Furthermore, we develop a better lower bound. We prove that, for general m, no deterministic online scheduling algorithm can be better than 1.852-competitive."
STOC,1997,140-149,"Cynthia A. Phillips, Clifford Stein 0001, Eric Torng, Joel Wein",Optimal Time-Critical Scheduling via Resource Augmentation (Extended Abstract).,https://doi.org/10.1145/258533.258570,"In this paper, we consider two fundamental multiprocessor scheduling problems: q on-line multiprocessor scheduling of sequential jobs in a hard-real-time environment, in which all jobs must be completed by their deadlines, and q on-line multiprocessor scheduling of sequential jobs to minimize average flow time (average response time) in preemptive and nonpreemptive settings.These problems have defied all previous (worst-ciwe) analytic attempts to identify effective on-line algorithms for solving them. For example, Dertouzos and Mok proved that no on-line algorithm can legally schedule all feasible input instantes of the hard-real-time scheduling problem for m~ 2 machines[3]. Furthermore, there is no obvious notion of an approximation algorithm 1 for this problem since all jobs must be completed. For the various versions of the flow time problem, while approximations are acceptable, a variety of results [13, 16] show that no on-line algorithm can guarantee a reasonable approximation ratio. The net result is that the traditional worst-cme analysis techniques have failed in two ways:"
STOC,1997,150-159,"Michael Luby, Michael Mitzenmacher, Mohammad Amin Shokrollahi, Daniel A. Spielman, Volker Stemann",Practical Loss-Resilient Codes.,https://doi.org/10.1145/258533.258573,"We present randomized constntctions of linear-time encodable and decodable codes that can transmit over 10SSY channels at rates extremely close to capacity. The encoding and decoding algorithms for these codes have fast and simple software implementations. Partial implementations of our algorithms are faster by orders of magnitude than the best software implementations of any previous algorithm for this problem. We expect these codes will be extremely useful for applications such as real-time audio and video transmission over the Internet, where 10SSYchannels are common and fast decoding is a requirement.Despite the simplicity of the algorithms, their design and analysis are mathematically intricate. The design requires the careful choice of a random irregular bipartite graph, where the structure of the irregular graph is extremely important. We model the progress of the decoding algorithm by a set of differential equations. The solution to these equations can then be express~ as polynomials in one variable with coef-"
STOC,1997,160-167,"John D. Lafferty, Daniel N. Rockmore",Spectral Techniques for Expander Codes.,https://doi.org/10.1145/258533.258575,"This paper introduces methods based on generalized Fourier analysis jor working with a class of errorcorrecting codes constructed in terms of Cayleygmphs. t% r work is motivated by the recent results of Sipser and Spielman[15] showing graph expansion to be essential for eficient decoding of certain low-density parity-check codes. They leave open the problem of sub-quadratic encoding for this class of codes, and it is this problem that we address. We show that when the codes are constructed in terms of Cayley graphs, the symmetry of the gmphs can be ezploited by using the representation theory of the underlying group to devise a sub-quadmtic encoding algorithm that, in the case where the group is PSLz (Z/qZ), requires 0 (n4/3) operations, where n= 0 (q3) is the block length. Our results indicate that this new class of codes may combine many of the strengths of two of the most powerful and successful, but previously dispamte areas of coding theory: the class of cyclic codes where the rich algebmic structure yields a large collection of techniques for finding and manipulating the codes, and the class of low-density paritycheck codes which have simple and eficient decoding algorithms and good asymptotic properties."
STOC,1997,168-175,Victor Y. Pan,Faster Solution of the Key Equation for Decoding BCH Error-Correcting Codes.,https://doi.org/10.1145/258533.258577,"Over any field of any characteristic c, the coefficients of a polynomial of a degree n can be expressed via the power sums of its zeros by means of the so called key equation for decoding the BCH error-ccnwcting codes. Berlekamp’s algorithm of 1968 solves this equation by using order of nz field operations. The subsequent algorithms of 1975-1980 use O (n (log rz) zlog log n) field operations, though a considerable overhead constant is hidden in the nO “not ation. Our algorithms simplify the solution and further decrease the latter asymptotic bound, by factors ranging from order of log n, for c= Oand c> n (in which case the overhead constant drops dramatically, thus implying substantial practical improvement of the known algorithms), to order of min (c, logn), for 2< c< n; we use Las Vegas randomization in the latter case. We also show some applications to computing the characteristic polynomial of a matrix."
STOC,1997,176-188,"Dorit Aharonov, Michael Ben-Or",Fault-Tolerant Quantum Computation With Constant Error.,https://doi.org/10.1145/258533.258579,"In the past year many developments have taken place in the area of quantum error corrections. Recently Shor showed how to perform fault tolerant quantum computation when,~, the probability for afault in one time step per qubit or per gate, is polylogarithmically small. This paper closes the gap and shows how to perform fault tolerant quantum computation when the error probability, q, is smaller than some constant threshold, q.. The cost is polylogarithmic in time and space, and no measurements are used during the quantum computation. The same result is shown also for quantum circuits which operate on nearest neighbors only. To achieve this noise resistance, we use concatenated quantum error correcting codes. The scheme presented is general, and works with any quantum code, that satisfies certain restm” ctions, namely that it is a “proper quantum code”. The constant threshold r10 is a function of the parameters of the specifc proper code used. We present two explicit classes of proper quantum codes. The first class generalizes classical secret sharing with polynomials. The codes are defined over a field with p elements, which means that the elementary quantum particle is not a qubit but a “qupit”. The second class uses a known class of quantum codes and converts it to a proper code. We estimate the threshold qO to be= 10-6. Hopefully, this paper motivates a search for proper quantum codes with higher thresholds, at which point quantum computation becomes practical."
STOC,1997,189-199,"Moni Naor, Omer Reingold",On the Construction of Pseudo-Random Permutations: Luby-Rackoff Revisited (Extended Abstract).,https://doi.org/10.1145/258533.258581,"Luby and Rackoff [21] showed a method for constructing a pseudo-random permutation from a pseudorandom function. The method is based on composing four (or three for weakened security) so called Feistel permutations, each of which requires the evaluation of a pseudo-random function. We reduce somewhat the complexity of the construction and simplify its proof of security by showing that two Feistel permutations are sufficient together with initial and final pair-wise independent permutations. The revised construction and proof provide a framework in which similar constructions may be brought up and their security can be easily proved. We demonstrate this by presenting some additional adjustments of the construction that achieve the following: q Reduce the success probability of the adversary. q Provide a construction of pseudo-random permutations with large input size using pseudo-random functions with small input size. qA full version of this paper is available as Theory of C~ yptog-raphy Library: Record 96-11 at: http://theory. lcs. m. it. edul-tcryptol/homepage. html fIncumbent of the Morris and Rose Goldman Career Development Chair, Dept. of Applied Mathematics and Computer Science, Weizmann Institute of Science, Rehovot 76100, Israel. Research supported by grant no. 356/94 from the Israel Science Foundation administered by the Israeli Academy of Sciences. E-mail: naor@ wisdom. weizmann. ac. iL tDePt, of AppliedMathematics and Computer Science, Weizmann Institute of Science, Rehovot 76100, Israel. Part of this research was supported by a Clore Scholars award. E-mail: reingold@ wisdom. weiznmnn. ac. il.Permission 10make digil; llhml copies offlll or pall o~ lhis nl: llcriitl Ibr person: lIor Atssroom uw isgrmlcli wilhwlt Fecprnvidcd th: ll Ihe copies are nrrlmade or dislrilwled Iiw prolil or LwnmcrcinI adinnl: Ige. Ihecopy ri@ notice. Ihc Ii [lc ol’lhc p (lhlicnli (m and ils dnlc nppc~ l-. and noliw is"
STOC,1997,200-209,"Zhi-Zhong Chen, Ming-Yang Kao",Reducing Randomness via Irrational Numbers.,https://doi.org/10.1145/258533.258583,"We propose a general methodology for testing whether a polynomial with integer coefficients is identically zero. The methodology is to evaluate the polynomial at suitable approximations of easily computable irrational points. An innovative feature of the methodology is that the error probability of the testing algorithm can be decreased by increasing the precision of the approximations of the chosen irrational numbers, instead of increasing the number of random bits as usual. To explain our methodology, we discuss the problem of deciding whether a graph has a perfect matching. Our new randomized NC algorithm uses fewer random bits without doing more work than all the previous randomized NC algorithms for the problem. We also apply the methodology to the problem of checking the equivalence of two multisets of integers. Our new randomized aJgorithm for this problem runs faster and uses fewer random bits than one of the two algorithms of Blum and Kannan. It also runs faster than the other for a large range of inputs on a more realistic model of computation than theirs."
STOC,1997,210-219,Ketan Mulmuley,Is There an Algebraic Proof for P != NC? (Extended Abstract).,https://doi.org/10.1145/258533.258586,"We continue our study [27] of lower bounds on paraHel complexity via an algebraic approach. First, we give a further application of our general lower bound [27] on parallel complexity of a general optimization problem in the PRAM model without bit operations. We show that, for some large enough constant b, the st-mincut problem for weighted undirected graphs with n vertices cannot be solved in this model, deterministically or with randomization, within &/b time using 2@/b processors; this is so even if we restrict every edge-capacity to be a nonnegative integer of bitlength at most anz for some large enough constant a. Parallel complexity of this problem was wide open. It was neither known to be P-complete nor was it known to be in (R) NC; we believe our approach may be used to study parallel complexity of many such problems. Second, and most important, we examine the bearing of our lower bounds and techniques on the P# NC conjecture, and in particular, on the possibility of an algebraic proof for it. It turns out that our techniques are insufficient in this regard because they have a fundamental limitation. But a closer analysis of this limitation also suggests what an algebraic proof of P# NC ought to exploit: it should somehow use properties of determinantal or similar rings and varieties in a deep way. This, in conjunction with our lower bounds in a restricted, yet realistic PRAM model, suggests that the algebraic approach, though seemingly quite hard, may be a right one for this problem."
STOC,1997,220-229,"Russell Impagliazzo, Avi Wigderson",P = BPP if E Requires Exponential Circuits: Derandomizing the XOR Lemma.,https://doi.org/10.1145/258533.258590,"This paper addresses the relationship between three central questions in complexity theory. First, to what extent can a problem be easier to solve for probabilistic algorithms than for deterministic ones? Secondly, what properties should a pseudo-random generator have so that its outputs are ‘random enough” for the purpose of simulating a randomized algorithm? Thirdly, if solving one instance of a problem is comput ationally difficult, is solving several instances of the problem proportionately harder?Yao’s seminal paper ([30]) was the first to show that these questions are related. Building on work by Blum and Micali ([8]) he showed how to construct, from any cryptographically secure one-way permutation, apseudo-random generator whose outputs are indistinguishable from truly random strings to any reasonably fast computational method. He then showed that such a pseudo-random generator could be used to deterministically simulate any probabilistic algorithm with sub-exponential overhead."
STOC,1997,230-239,"Roy Armoni, Amnon Ta-Shma, Avi Wigderson, Shiyu Zhou",SL <= L4/3.,https://doi.org/10.1145/258533.258593,"We present a deterministic algorithm that computes st-connectivity in undirected graphs using 0 (log4f3 n) space. This improves the previous O (log3f2 n) bound of Nisan, Szemer6di and Wigderson[NSW92]."
STOC,1997,240-249,David R. Karger,Using Random Sampling to Find Maximum Flows in Uncapacitated Undirected Graphs.,https://doi.org/10.1145/258533.258596,"A new idea of our algorithm is to find flow by diminishing cutsinstead of augmenting paths. Rather than finding a way to push flow from the source to the sink, we identify and delete edges that are not needed in a maximum flow. When no more edges can be deleted, we know that every remaining edge must be saturated to give a maximum flow."
STOC,1997,250-255,"Peter A. Beling, Sushil Verma",Combinatorial Complexity of the Central Curve.,https://doi.org/10.1145/258533.258598,"We shall work in the context of a variant of the linear complementarily problem that provides a convenient primal-dual framework for linear and quadratic optimization. Specifically, we consider the following restriction of the general linear complementarily problem:"
STOC,1997,256-264,"Rong-chii Duh, Martin Fürer",Approximation of k-Set Cover by Semi-Local Optimization.,https://doi.org/10.1145/258533.258599,"We define a powerful new approximation technique called semi-local optimization. It provides very natural heuristics that are distinctly more powerful than those based on local optimization. With an appropriate metric, semi-local optimization can still be viewed as a local optimization, but it has the advantage of making global changes to an approximate solution. Semi-local optimization generalizes recent heuristics of Halld6rsson for 3-Set Cover, Color Saving, and k-Set Cover. Greatly improved performance ratios of 4/3 for 3-Set Cover and 6/5 for Color Saving in graphs without independent sets of size 4 are obtained and shown to be the best possible with semi-local optimization. Also, based on the result for 3-Set Cover and a restricted greedy phase for big sets, we can improve the performance ratio for k-Set Cover to~ k–1/2. In Color Saving, when larger independent sets exist, we can improve the performance ratio to~."
STOC,1997,265-274,"David B. Shmoys, Éva Tardos, Karen I. Aardal",Approximation Algorithms for Facility Location Problems (Extended Abstract).,https://doi.org/10.1145/258533.258600,"We shall present approximation algorithms for a variety of facility location problems. One of the most well-studied problems in the Operations Research literature is the uncapacitatedfacilify location problem, dating back to the work of Balinski [2], Kuehn & Hamburger [16], Marine [20], and Stollsteimer [25, 26] in the early 60’s. In its simplest form, the problem is as follows: we wish to find optimal locations at which to build facilities (such as warehouses) to serve a given set of n client locations (such as stores); we are also given a set of locations at which facilities may be built, where building a facility at location i incurs a cost of f.; each client j must be assigned to one facility, thereby incurring a cost of cij, proportional to the distance between locations i and j; the objective is to find a solution of minimum total cost. The main result of this paper is an approximation algorithm that finds a solution of cost within a factor of 3.16 of the optimum, provided the distances between the beations are symmetric and satisfy the triangle inequality. This is the first approximation algorithm for this problem with a constant performance guarantee.This~ P-hard problem has been studied from, among others, the perspective of worst-case performance guarantees, probabilistic analysis of the average-case performance, polyhedral characterizations, and the empirical investigation of heuristics. Its prominence in the literature is due to the fact that it has a wide variety of applications as well as its appealing simplicity. For an extensive survey of work on this, and closely related problems, the reader is referred to the textbook edited by Mirchandani & Francis [21], and in particular, the chapter by Comtiejols, Nemhauser, and Wolsey [6]. For a more in-depth explanation of results known for these models, there is an extensive discussion in the textbook of Nemhauser & Wolsey"
STOC,1997,275-283,"Tetsuo Asano, Naoki Katoh, Hisao Tamaki, Takeshi Tokuyama",Covering Points in the Plane by k-Tours: Towards a Polynomial Time Approximation Scheme for General k.,https://doi.org/10.1145/258533.258602,"Let P be a set of n points in the plane. A k-tour through P is a tour in the plane that starts and ends at the fixed origin and visits at most k points of P. Our goal is to cover all the points of P by k-tours so as to minimize the total length of the tours. We give a polynomial time approximation scheme (PTAS) for this problem whose running time is (k/~) Oikf’sl+ O (n log n). Thus, our scheme remains a PTAS when k has a nearly logarithmic dependence on n. This improves over the previous best known scheme which is a PTAS only when k= O (log log n)."
STOC,1997,284-293,"Miklós Ajtai, Cynthia Dwork",A Public-Key Cryptosystem with Worst-Case/Average-Case Equivalence.,https://doi.org/10.1145/258533.258604,We present a probabilistic public key cryptosystem which is secure unless the worst case of the following lattice problem can be solved in polynomial time:“Find the shortest nonzero vector in an n dimensional lattice L where the shortest vector v is unique in the sense that any other vector whose length is at most n’[lullis parallel to v.”
STOC,1997,294-303,"Rafail Ostrovsky, Victor Shoup",Private Information Storage (Extended Abstract).,https://doi.org/10.1145/258533.258606,"This paper deals with the problem of efficiently and privately storing and retrieving information that is distributively maintained in several databases that do not communicate with one another. The goal is to minimize the communication complexity while maintaining privacy (ie, so that individual databases do not get any information about the data or the nature of the users’ queries). The question of private retrieval from multiple databases was introduced in a very nice paper of Chor, Goldreich, Kushilevitz and Sudan (FOCS’95), but the question whether it is possible to perform both reading and writing in a communication-efficient manner remained open. In this paper, we answer this question in the affirmative, and show that efficient read/write schemes are indeed possible. In fact, we show a general information-theoretic reduction from reading and writing to any read-only scheme that preserves the communication complexity of the read scheme to within a poly-logarithmic factor (in the size of the database), thus establishing that read/write schemes could be implemented as efficiently (up to poly-log factors) as read-onfy schemes.. Additionally, we consider the question of both reading and writing in the computational security setting."
STOC,1997,304-313,"Benny Chor, Niv Gilboa",Computationally Private Information Retrieval (Extended Abstract).,https://doi.org/10.1145/258533.258609,"Private information ret rieval(PIR) schemes enable a user to access k replicated copies of a database(kz 2), and privately retrieve one of the n bits of data stored in the databases. This means that the queries give each individual database no partial information(in the information theoretic sense) on the identity of the item retrieved by the user. Today, the best two database scheme(k= 2) has communication complexity O (TZ1/3), while for any constant number, k, the best k database scheme has communication complexity 0 (nl/(2k-lJ). The motivation for the present work is the question whether this complexity can be reduced if one is willing to achieve computational privacy, rather than information theoretic privacy.(This means that privacy is guaranteed only with respect to databases that are restricted to polynomial time computations.) We answer this question affirmatively, and qComputer Science Dept., Technion, Haifa, Israel. Email: bennytlcs. technion. ac. il. Supported by Technion VP R Fund–E. and M. Mendelson Research Fund. tComputer Science Dept., Technion, Haifa, Israel. Email: gilboa@ cs. technion. ac. il"
STOC,1997,314-323,"Peter Auer, Philip M. Long, Aravind Srinivasan",Approximating Hyper-Rectangles: Learning and Pseudo-Random Sets.,https://doi.org/10.1145/258533.258611,"The PAClearning of rectangles has been studied because they have been found experimentally to yield excellent hypotheses for severaf applied learning problems. Also, pseudorandom sets for rectangles have been actively studied recently because (i) they are a subpmblem common to the derandomization of depth-2 (DIW) circuits and derandotnizing Randomized Logspace, and (ii) they approximate the distribution of n independent multivalued random variables. We present improved upper bounds for a class of such problems of “approximating” highdlmensional rectangles that arise in PAC learning and pseudorandomness."
STOC,1997,324-333,"Shai Ben-David, Nader H. Bshouty, Eyal Kushilevitz",A Composition Theorem for Learning Algorithms with Applications to Geometric Concept Classes.,https://doi.org/10.1145/258533.258614,"This paper solves the open problem of exact learning geometric objects bounded by hyperplanes(and more generally by any constant degree algebraic surfaces) in the constant dimensional space from equivalence queries only (ie, in the on-line learning model). We present a novel approach that allows, under certain conditions, the composition of learning algorithms for simple classes into an algorithm for a more complicated class. Informally speaking, it shows that if a class of concepts C is learnable in time t using a small space then@, the class of all functions of the form~(gl,.., gm) With 91,.... gm EC and any boolean function~, is learnable in polynomial time in t and m. We then show that the class of halfspaces in a fixed dimension space is learnable with a small space."
STOC,1997,334-343,"Yoav Freund, Robert E. Schapire, Yoram Singer, Manfred K. Warmuth",Using and Combining Predictors That Specialize.,https://doi.org/10.1145/258533.258616,"We study online learning algorithms that predict by combining the predictions of severrd subordinate prediction algorithms, sometimes crdled “experts.“These simple algorithms belong to the multiplicative weights family of algorithms. The performance of these algorithms degrades only logarithmically with the number of experts, making them particularly useful in applications where the number of experts is very large. However, in applications such as text categorization, it is often natural for some of the experts to abstain from making predictions on some of the instances. We show how to transform algorithms that assume that afl experts are atways awake to algorithms that do not require this assumption. We also show how to derive corresponding Ioss bounds. Our method is very generaf, and can be applied to a large family of online learning algori [hms. We also give applications to various prediction models including decision graphs and “switching” experts."
STOC,1997,344-353,"Piotr Berman, Chris Coulston",On-Line Algorithms for Steiner Tree Problems (Extended Abstract).,https://doi.org/10.1145/258533.258618,"The generalized Steiner tree problem is defined as follows. Given a graph with non-negative weights and a set of pairs of vertices find the minimum network of edges such that each pair of vertices is in the same connected component. We present an algorithm for the on-line Generalized Steiner Tree (GST) problem, and two other problems: Rectilinear Steiner Arborescence (RSA) and Symmetric Rectilinear Steiner Arborescence (SRSA). For each of these problems we provide polynomial time algorithms with performance ratios of O (log n). The constant factors hidden in the O-notation are small, in the case of the GST, we are within factor 2 from the proven lower bound. The previous best on-line GST algorithm (Awerbuch et at [2]) was 0 (log2 n)"
STOC,1997,354-362,"Baruch Awerbuch, Tripurari Singh",Online Algorithms for Selective Multicast and Maximal Dense Trees.,https://doi.org/10.1145/258533.258619,"The multicast admission control and routing problem can be defined as follows: network users issue online requests for connections to various multicast sources. The network either accepts a request or rejects it (the admission control decision). If the request is accepted, a path with sufficient bandwidth is established from the requesting user either to the source, or to one of the users previously connected to the same source (the routing decision). The goal of the admission control and routing algorithms is to maximize the total number of users connected, subject to the network capacity constraints.This problem can be reduced to the following online maximal dense tree problem: network users issue online requests to the single multicast source, and the problem again is that of admission control and routing. The objective, however, is to maximize the total number of connections while keeping the connection density, ie the ratio of accepted requests to the weight of the spanning tree, sufficiently high."
STOC,1997,363-372,"Itzhak Parnafes, Ran Raz, Avi Wigderson","Direct Product Results and the GCD Problem, in Old and New Communication Models.",https://doi.org/10.1145/258533.258620,"This paper contains several results regarding the communication complexity model and the 2-prover games model, which are based on interaction between the two models:"
STOC,1997,373-382,Martin Dietzfelbinger,The Linear-Array Problem in Communication Complexity Resolved.,https://doi.org/10.1145/258533.258622,"Tiwari (1987) considered the following seenario: k+ 1 processors Po,.... P~. connected by k links to form a linear array, are to compute a function. f (z, y), x~ X, yc Y, on a finite domain X x Y, where x is only known to PO, y is only known to Pk; the intermediate processors Pl,.... Pk_l do not have any information. The processors compute f (x, y) by exchanging binary messages across the links, according to some protocol@. Let 11~(~) denote the minimal complexity of such a protocol 0, ie, the total number of bits sent across all links for the worst case input, and let~(~)= D1 (f) denote the (standard) 2-party communication complexity off. Tiwari proved that Dk (~)~ k~(D (f)–O (l)) for almost all functions $ and conjectured this inequality to be true for all $. His conjecture was falsified by Kushilevitz, Linial, and Ostrovsky(1996): they exhibited a function f for which Dk (f) is essentially bounded above by~ kD (f). The best general lower bound known is D~(f) Z k.(~–logk–3). We prove a weakened version of Tiwari’s conjecture:"
STOC,1997,383-401,László Babai,Paul Erdös (1913-1996): His Influence on the Theory of Computing.,https://doi.org/10.1145/258533.258624,"Paul Erd6s’s oeuw-e encompasses a multitude of areas of mathematics, including combinatorics, set theory, number theory, classical analysis, discrete geometry, probability theory, and more."
STOC,1997,402-405,"William McCuaig, Neil Robertson 0001, Paul D. Seymour, Robin Thomas 0001","Permanents, Pfaffian Orientations, and Even Directed Circuits (Extended Abstract).",https://doi.org/10.1145/258533.258625,"We give a polynomial-time algorithm for the following problem of P61ya. Given an nxn O-1 matrix, either find a matrix obtained from it by changing some of the 1’s to–1‘s in such a way that the determinant of the new matrix equals the permanent of the old one, or determine that no such matrix exists. This is equivalent to finding Pfafiian orientations of bipartite graphs and to the even circuit problem for directed graphs. The aigorithm is based on a structural characterization of bipartite graphs that admit a Pfaffian orientation.-"
STOC,1997,406-415,"Oded Goldreich 0001, Dana Ron",Property Testing in Bounded Degree Graphs.,https://doi.org/10.1145/258533.258627,"We further develop the study of testing graph properties as initiated by Goldreich, Goldwasser and Ron. Whereas they view graphs as represented by their adjacency matrix and measure distance between graphs ss a fraction of all possible vertex pairs, we view graphs as represented by boundedlength incidence lists and measure distance between graphs as a fraction of the maximum possible number of edges. Thus, while the previous model is most appropriate for the study of dense graphs, our model is most appropriate for the study of bounded-degree graphs. In particular, we present randomized algorithms for testing whether an unknown bounded-degree graph is connected, k-connected(for k> 1), planar, etc. Our algorithms work in time polynomial in 1/6, always accept the graph when it has the tested property, and reject with high probability if the graph is c-away from having the property. For example, the 2-Connectivity algorithm rejects (whp) any. V-vertex d-degree graph for which more than c~(dJV) edges need to be added to make the graph 2-edge-connected. In addition we prove lower bounds of~(w) on the query complexity of testing algorithms for the Bipartite and Expander properties."
STOC,1997,416-425,"Susanne Albers, Monika Rauch Henzinger",Exploring Unknown Environments.,https://doi.org/10.1145/258533.258630,"We consider exploration problems where a robot has to construct a complete map of an unknown environment. We assume that the environment is modeled by a directed. strongly connected graph. The robot’s task is to visit all nodes and edges of the graph using the minimum number R of edge traversals. Kout-soupias [12] gave a lower bound for R of 0 (d2m). and Deng ancl Papadimitriou[9] showed an upper bound of do (d) 7n. where m is the number edges in the graph and d is the lninimum number of edges that have to be added to make the graph Eulerian. We give the first sub-exponential algorithm for this exploration problem, which achieves an upper bound of d “tlog’) r71. We also show a matching lower bound of dn (iog~) m for our algorithm. Additionally. we give lower bounds of? n (d) m, resp. dn (lOgd) m for various other natural exploration algorit hms."
STOC,1997,426-435,Xin He,On Floorplans of Planar Graphs.,https://doi.org/10.1145/258533.258633,"Floor-planning is an early step in VLSI chip design where one decides relative location of functional entities of a circuit on a chip. A floor-plan is a rectangle partitioned into a set of disjoint rectilinear polygonal regions (called modules). A floor-plan F represents a plane graph G as follows: Each vertex of G corresponds to a module of F and two vertices are adjacent in G iff their corresponding modules share a common boundary.The quality of the final VLSI chip design heavily depends on the quality of the floor plan. Thus when constructing a floor plan of G, it is very desirable to use modules whose shapes are as simple as possible. If a module M is a union of k disjoint rectangles, M is called a k-rectangle module. There exist planar graphs whose floor plan must use nonrectangle modules. It was show in [26] that every planar graph G has a floor-plan using 1-, 2-, and 3-rectangle modules. It remains an open problem whether every planar graph G has a floor plan using only 1-and 2-rectangle modules. In this paper, we settle this open question by presenting a simple linear time algorithm that constructs a floor-plan for G using only 1-and 2-rectangle modules. A widely used heuristic algorithm for constructing floor plans (with 1-and 2-rectangle modules) uses a “break-edge” method. We show that this heuristic algorithm does not work by presenting a graph whose floor plan must use 3-rectangle modules if the “break edge” algorithm is used."
STOC,1997,436-445,"Ronald Cramer, Ivan Damgård",Linear Zero-Knowledge - A Note on Efficient Zero-Knowledge Proofs and Arguments.,https://doi.org/10.1145/258533.258635,"We present a 4-move zero-knowledge proof system [21] for any NP language L, which allows showing that z EL with error probability y less than 2–k using communication corresponding to O (lsl=)+ O (k) bit commitments, where c is a constant depending only on L. We also present a 4-move perfect zero knowledge interactive argument for any NP-language L. On input zc L, the communication complexity is O (lzlc)~ maz (k, 1) bits, where 1is the security parameter for the prover 1."
STOC,1997,446-455,Donald Beaver,Commodity-Based Cryptography (Extended Abstract).,https://doi.org/10.1145/258533.258637,"We introduce a new paradigm for the efficient design of protocols for secure joint computation requiring minimal interaction. Instead ofrelying on trusted and specialized devices, unproven crypto-graphic assumptions, or highly interactive multiparty computations, we propose a commoditybased model in which servers provide security resources to clients but are not involved in the clients’ computations themselves.Unlike oracles, which typically provide comput ational resources such as the resnlts of infeasible computations, these servers assist clients in establishing shared resources for secure computations such as oblivious transfer and circuit evaluation, broadcast and multiparty computations. Unlike protocols for secure multiparty computation, the servers themselves are “non-interactive,” having no knowledge whatsoever of each other, and providing security resources in a single message."
STOC,1997,456-464,Daniele Micciancio,Oblivious Data Structures: Applications to Cryptography.,https://doi.org/10.1145/258533.258638,"We introduce the notion of oblivious data structure, motivated by the use of data structuresin cryptography. Informally, an oblivious data structure yields no knowledge about the sequence of operations that have been applied to it other than the final result of the operations. In particular we define Oblivious Tree, a data structure very similar to 2-3 Tree, but with the additional property that the only information conveyed by an Oblivious Tree is the set of values stored at its leaves. This property is achieved through the use of randomization by the update algorithms.We use the Oblivious Tree data structure to solve the privacy problem for incremental digital signatures raised by Bellare, Goldreich and Goldwasser. An incremental signing algorithm is pri-vate if the digital signature it outputs does not give any information on the sequence of edit operations that have been applied to produce the final document. We show how the incremental signature scheme of Bellare, Goldreich and Goldwassercan be made achieve privacy using Oblivious Trees instead of 2-3 Trees."
STOC,1997,465-474,"Noga Alon, Martin Dietzfelbinger, Peter Bro Miltersen, Erez Petrank, Gábor Tardos",Is Linear Hashing Good?,https://doi.org/10.1145/258533.258639,"Copyright I 997,\C\lO-W7 1-X XX-6i97,’05. $3 5 (1 bucket size below W+ 1/2.) If, however, we consider the field of two elements then we get much better bounds. The best previously known upper bound on the expected size of the largest bucket for this CISSSwas 0 (2=). We reduce this upper bound to O (log n log log n). Note that this is not far from the guarantee for a random function. There, the average largest bucket would be@(log n/log log n). In the course of our proof we develop a tool which may be of independent interest. Suppose we have a subset S of a vector space D over Z2, and consider a random linear mapping of D to a smaller vector space R. If the cardinality of S is larger than c,[RI log IRI then with probability 1–c, the image of S will cover all elements in the range."
STOC,1997,475-484,"Ran Raz, Shmuel Safra","A Sub-Constant Error-Probability Low-Degree Test, and a Sub-Constant Error-Probability PCP Characterization of NP.",https://doi.org/10.1145/258533.258641,"We introduce a new low-degree-test, one that uses the restriction of low-degree polynomials to planes(ie, afine sub-spaces of dimension 2), rather than the restriction to lines (ie, afine sub-spaces of dimension 1). We prove the new test to be of a very small emorprobability(in particular, much smaller than constant). The new test enables us to prove a low-error characterization of NP in terms of PCP. Specifically, OUT theorem states that, for any given c> 0, membership in any NP language can be verijied with 0 (1) accesses, each r’eading logarithmic number of bits, and such that the error-probability is 2-‘“~’-’n. Our results are in fact stronger, as stated below."
STOC,1997,485-495,"Sanjeev Arora, Madhu Sudan 0001",Improved Low-Degree Testing and its Applications.,https://doi.org/10.1145/258533.258642,"NP= PCP (log n, 1) and related results crucially depend upon the close connection betsveen the probability with which a function passes a low degree test and the distance of this function to the nearest degree d polynomial. In this paper we study a test proposed by Rubinfeld and Sudan [29]. The strongest previously known connection for this test states that a function passes the test with probability 6 for some d> 7/8 iff the function has agreement N 6 with a polynomial of degree d. We present a new, and surprisingly strong, analysis which shows thatthe preceding statementis true for 6<< 0.5. The analysis uses a version of Hilbe? l irreducibility, a tool used in the factoring of multivariate polynomials.As a consequence we obtain an alternate construction for the following proof system: Aconstant prover l-round proof system for NP languages in which the verifier uses O (log n) random bits, receives answers of size O (log n) bits, and has an error probability of at most 2–10g*-‘’. Such a proof system, which implies the NP-hardness of approximating Set Cover to within fl (log n) factors, has already been obtained by Raz and Safra [28]. Our result was completed after we heard of their claim."
STOC,1997,496-505,"Joe Kilian, Erez Petrank, Gábor Tardos",Probabilistically Checkable Proofs with Zero Knowledge.,https://doi.org/10.1145/258533.258643,"We construct PCPS with strong zero-knowledge properties. First, we construct polynomially bounded(in size) PCP’S for NP which can be checked using poly-Iogarithmic queries, with polynomially low error, yet are statistical zero-knowledge against an adversary that makes U arbitrary queries, where U can be set to any polynomial. Second, we construct PCPS for NEXPTIME that can be checked using polynomially many queries, yet are statistically zero-knowledge against any polynomial y bounded adversary. These PCPS are exponential in size and have exponentially low error. Previously, it was only known how to construct zero-knowledge PCPS with a constant error probability. In the course of constructing these PCP’S we abstract a tool we call locking systems. We provide the definition and also a locking system with very efficient parameters. This mechanism may be useful in other settings as well."
STOC,1997,506-516,"Uriel Feige, Joe Kilian",Making Games Short (Extended Abstract).,https://doi.org/10.1145/258533.258644,"We study the complexity of refereed games, in which two computationally unlimited players play against each other, and a polynomial time referee monitors the game and announces the winner. The players may exchange messages with the referee in private, resulting in a game of perfect recall but incomplete information. We show that any EXPTIME statement can be efficiently transformed into a refereed game in which if the statement is true, the first player wins with overwhelming probabilityy, and if the statement is false, the second player wins with overwhelming probability. We also prove matching PSPACE upper and lower bounds on the complexity of statements that have refereed games that take one round of communication."
STOC,1997,517-530,"Bruce M. Maggs, Berthold Vöcking",Improved Routing and Sorting on Multibutterflies.,https://doi.org/10.1145/258533.258645,"This paper shows that an N-node AKS network (as described by Paterson) can be embedded in a~-node degree-8 multibutterfly network with load 1, congestion 1, and dilation 2. The result has several implications, including the first deterministic algorithms for sorting and finding the median of n logn keys on an n-input multibuttertly in O (log n) time, a work-efficient deterministic algorithm for finding the median of n logz n log log n keys on an n-input multibutterfly in O (log n log log n) time, and a three-dimensional VLSI layout for the n-input AKS network with volume 0 (n3/2). While these algorithms are not practical, they provide further evidence of the robustness of multibutterfly networks. We also present a separate, and more practical, deterministic algorithm for routing h relations on an n-input multibutterfly in O (h+ log n) time. Previously, only algorithmsfor solving h one-to-one routing problems were known. Finally, we show that a 2-folded butterfly, whose individual splitters do not exhibit expansion, can emulate a bounded-degree multibutterfly with (CS,@-expansion, for any a./3< 1/4.1Bmce Maggs is supported in part by the Air Force Materiel Com-mand (AFMC) and ARPAunderContractF196828-93-C-O193, by ARPA ContractsF33615-93-1-1330andNOO014-95-1-1246, andby anNSF NationrdYoung InvestigatorAward, No. CCR-94-57766, with matchingfunds provided by NEC Research Institute. This researchwas conducted in part while he was visiting theHeinz Nixdorf Institute, with support provided by DFG-Sonderforschungsbcreich376 “Massive Paratlelitit: Algorithmen, Entwurfsmethoden, Anwendungen”."
STOC,1997,531-539,"Andrei Z. Broder, Alan M. Frieze, Eli Upfal",Static and Dynamic Path Selection on Expander Graphs: A Random Walk Approach (Preliminary Version).,https://doi.org/10.1145/258533.258646,"This paper addresses the problem of virtual circuit switching in bounded degree expander graphs. We study the static and dynamic versions of this problem. Our solutions are baaed on the rapidly mixing properties of random walks on expander graphs. In the static version of the problem an algorithm is required to route a path between each of K pairs of vertices so that no edge is used by more than g paths. A natural approach to this problem is through a multicommodity flow reduction. However, we show that the random walk approach leads to significantly stronger results than those recently obtained by Leighton and Rao [10] using the multi-commodity flow setup. In the dynamic version of the problem connection requests are continuously injected into the network, Once a connection is established it utilizes a path (a virtual circuit) for a certain time until the communication terminates and the pat h is deleted. Again each edge in the network should not be used by more than g paths at once.The dynamic version is a better model for the practical use of communication networks. Our random walk approach gives a simple and fully distributed solution for this problem. We show that if the injection to the network and the duration of connections are both controlled by Poisson processes then our algorithm achieves"
STOC,1997,540-548,"Lars Arge, Paolo Ferragina, Roberto Grossi, Jeffrey Scott Vitter",On Sorting Strings in External Memory (Extended Abstract).,https://doi.org/10.1145/258533.258647,"In this paper we address for thejirst time the 1/0 complexity of the problem of sorting strings in external memory, which is a jimdamental component of many large-scale text applications. In the silznabd unit-cost RAM comparison model, the complexity of sorting K strings of total length N isEl (K logz K+ N). Byanalogy, inthe external memory (or 1/0) model, where the internal memory has size M and the block transfer size is B, it would be natural to guess that the 1/0 complexity of sorting strings is@(~~ ogMIB~+~), but the known algorithms do not come even close to achieving this bound. Our results show, somewhat counterintuitively, that the 1/0 complexi~ of string sorting depends upon the length of the strings relative to the block size. Wefirst consider a simple comparison 1/0 model, where one is not allowed to break the strings into their characters, and we show that the 110 complexity of string sorting in this model is@(~ logMJB~+ K2 10$ &/B K2+}), where N1 is the total length ofall stn” ngs shorter than B and K2 is the number ofstrings longer than B. Wethen consider two more general 1, 0 comparison models in which string breaking is allowed. Weobtain impmved algorithms and in several cases lower bounds that match their 110 bounds. Finally, we develop more practical algorithms without assuming the comparison model. q Departmentof ComputerScience, Duke University, Durham, NC 2770S-0129, USA. Emsil: large@ cs. duke. edu. Supportedin part by the US Army Research Office undergrantDAAH04-96-1-O013 and by the ESPRIT Long Ternr Research Prograrmneunder project 20244 (ALCOM-lT). Partof thk work was done while at BRICS, Dept. of ComputerScience, Universityof Aarhus, Denmark, andwhile visitingUniversity di Firenze. t~ pfirnentodiInformatica, Universitydi piss, Pisa, MY. Email: f erragin@ di. uni. pi. i t. Supportedin partby MURST of Italy. $~ P~ mento di Sistemie Informati@ Universitydi Firenze, Firenze, Italy. Email: gross i@ dsi2. dsi. unifi. it. Partof W work was done while visiting BRICS, Universityof Aarhus, Denmark. 5 Departmentof Computer Science, Duke University, Durham, NC 27708-0129, USA. Emil: j sv@ cs. duke. edu. Supported in part by the US Army Research Office under grants DAAH04-9343+ 076 and DAAH04-96-14313 and by the National Science Foundationundergrant CCR-9522047."
STOC,1997,549-558,"Noam Nisan, Ziv Bar-Yossef",Pointer Jumping Requires Concurrent Read.,https://doi.org/10.1145/258533.258648,"We consider the well known problem of determining the k ‘th vertex reached by chasing pointers in a directed graph of out-degree 1. The famous “pointer doubling” technique provides an O (log k) parallel time algorithm on a Concurrent-Read Exclusive-Write(CREW) PRAM. We prove that this problem requires~(k) steps on an Exclusive-Read Exclusive-Write(EREW) PRAM, for every k 5 c=, where n is the number of vertices and c is a constant.This yields a boolean function which can be computed in O (log log n) time on a CREW PRAM, but requires Q (G) time on even an “ided” EREW PRAM. This is the first separation known for boolean functions between the power of EREW and CREW PRAMs. Previously, separations between EREW and CREW PRAMs were only known for functions on “huge” input domains, or for restricted types of EREW pRA. Ms."
STOC,1997,559-568,James Aspnes,Lower Bounds for Distributed Coin-Flipping and Randomized Consensus.,https://doi.org/10.1145/258533.258649,"We examine a chse of collective coin-j? ipping game8 that arises from randomized distributed algorithms with halting failures. In these games, a sequence of local coin flips is generated, which must be combined to form a single global coin flip. An adversary monitors the game and may attempt to b- its outcome by hhiing the result of up ta t local coin tlipa. We show that to guarantee at moat constant bias, fl (t2) local coins are needed, even if (a) the local coins can have arbitrary distributions and ranges,(b) the adversary is required to decide immediately whether to hide or reveal each local coin, and (c) the game cart detect which local coins have been hidden. If the adversary ia permitted to control the outcome of the coin except for cases whose probability is pdynomid in t, f2 (t2/log2 t) local coins are needed. Combtig this fact with an extended veraion of the well-known Fiecher-Lynch-Pateraort impossibility proof of determirtis tic consensus, we show that given an adaptive adversary, arty t-resilient asynchronous consensus protocol requires 0 (t2/log2 t) local coin fips in artymodel that can be simulated deterministically using atomic registers. This gives the first non-trivial lower bound on the totaJ work required by wait-free consensus and is tight to within logarithmic factors."
STOC,1997,569-578,"Dahlia Malkhi, Michael K. Reiter",Byzantine Quorum Systems.,https://doi.org/10.1145/258533.258650,"Quorum Bystems are well-known tools for ensuring the consistency and availability of replicated data despite the benign failure of data repositones. In this paper we consider the arbitrary (Byzantine) failure of data repositories and present the first study of quorum system requirements and construct ions that ensure data availabNity and consistencey despite these failures. We also consider the load associated with our quorum systems, ie, the minimal access probability of the busiest server. For services subject to arbitrary failures, we demonstrate quorum systems over n servers with a load of 0 ($.), thus meeting the lower bound on load for benignly fault-tolerant quorum systems. We explore several variations of our quorum systems and extend our constructions to cope with arbitrary client failures."
STOC,1997,579-588,"Wai-Kau Lo, Vassos Hadzilacos",All of Us are Smarter Than Any of Us: Wait-Free Hierarchies are not Robust.,https://doi.org/10.1145/258533.258651,"A wait-free hierarchy[Her91, Jay93] classifies object types on the basis of their strength in supporting waitfree implementations of other types.(In the context of the present paper, an implementation may use any number of objects of the given types, as well as read/write registers.) Such a hierarchy is robust if it is impossible to implement objects of types that it classifies as “strong” by combining objects of types that it classifies as “weak”. We prove that, if nondeterministic types are allowed, the only wait-free hierarchy that is robust is the trivial one, which lumps all types into a single level. In particular, the Consensus hierarchy (the most closely studied wait-free hierarchy) is not robust. Our result implies that, in general, it is not possible to determine the power of a concurrent system that supports a given set of primitive object types by reasoning about the power of each primitive type in isolation."
STOC,1997,589-598,"Maurice Herlihy, Sergio Rajsbaum",The Decidability of Distributed Decision Tasks (Extended Abstract).,https://doi.org/10.1145/258533.258652,"A task is a distributed coordination problem in which each process starts with a private input value taken from a tlnite set, communicates with the other processes by applying operations to shared objects, and eventually halts with a private output value, also taken from a finite set. A protocol is a distributed program that solves a task. A protocol is t-resikent if it tolerates failures by t or fewer processes. A task is solvable in a given model of computation if it has a t-resilientprotocol in that model. A set of tasksis decidable in a given model of computation if there exists an effective procedure for deciding whether any task in that set has a t-resilient protocol."
STOC,1997,599-608,Jon M. Kleinberg,Two Algorithms for Nearest-Neighbor Search in High Dimensions.,https://doi.org/10.1145/258533.258653,"Representing data as points in a high-dimensional space, so as to use geometric methods for indexing, is an algorithmic technique with a wide array of uses. It is central to a number of areas such as information retrieval, pattern recognition, and statistical data analysis; many of the problems arising in these applications can involve several hundred or several thousand dimensions.We consider the nearest-neighbor problem for ddimensional Euclidean space: we wish to pre-process a database of n points so that given a query point, one can efficiently determine its nearest neighbors in the database. There is a large literature on algorithms for this problem, in both the exact and approximate cases. The more sophisticated algorithms typically achieve a query time that is logarithmic in n at the expense of an exponential dependence orI the dimension d, indeed, even the average-case analysis of heuristics such as kd trees reveals an exponential dependence on d in the query time."
STOC,1997,609-617,Kenneth L. Clarkson,Nearest Neighbor Queries in Metric Spaces.,https://doi.org/10.1145/258533.258655,"Given a set Sofn sites (points), andadistance measure cl, the nearest neighbor searching problem, or post office problem, istobuild adatastructure sothatgiven a query point q, the site nearest to g can be found quickly. This paper gives data structures for this problem when the sites and queries are in a metric space. The data structures can be analyzed when the metric space satisfies a certain spherepacking bound. Onedata structure, denoted D (S), requires expected O (n)(lgn) O (lK 1gT (s)) time to build. Here ‘Y (S) is the distance ratio of S, the ratio of the distance between the farthest pair of points in S to the distance between the closest pair. The constant factors in the bound depend on the sphere-packing bound. When the query pointqis arandom element of {q} uS, as for example when q and the points of S are randomly generated from a common distribution, then the query time is expected (lgn) O (lglgrfs)). A side effect of building D (S) is to solve the all-nearest-neighbors problem for S. Another data structure given here, denoted &f (, $!, Q), requires aa input data an additional set Q, taken to berepresentative of the query points. Thecost of building this data structure is the same EMfor building D (S UQ). The data structure A4 (S, Q) can sometimes return wrong answers, but when q is a random element of {q} UQ, the probability of failure is 0 (log2n)/K, where K s lQ1/n is a parameter of the construction. When Q and {q} are ran-dom subsets of {q} UQ US, the expected query time for iM (S, Q) is O (Klogn) log T, when the returned answer is correct, and the expected space needed is O (n) Klog T."
STOC,1997,618-625,"Piotr Indyk, Rajeev Motwani 0001, Prabhakar Raghavan, Santosh S. Vempala",Locality-Preserving Hashing in Multidimensional Spaces.,https://doi.org/10.1145/258533.258656,We consider localitg-preserving hashing—in which adjacent points in the domain are mapped to adjacent or nearlyadjacent points in the range—when the domain is a ddimensional cube. This problem has applications to highdimensional search and multimedia indexing. We show that simple and natural classes of hash functions are provably good for this problem. We complement this with lower bounds suggesting that our results are essentially the best possible.
STOC,1997,626-635,"Moses Charikar, Chandra Chekuri, Tomás Feder, Rajeev Motwani 0001",Incremental Clustering and Dynamic Information Retrieval.,https://doi.org/10.1145/258533.258657,"Motivated by applications such as document and image classification in information retrieval, we consider the problem of clustering dynamic point sets in a metric space. We propose a model-c~ led incremental clustering which is based on a careful analysis of the requirements of the information retrieval application, and which should also be useful in other applications. The goal is to efficiently maintain clusters of small diameter as new points are inserted. We analyze several natural greedy algorithms and demonstrate that they perform poorly. We propose new deterministic and randomized incremental clustering algorithms which have a provably good performance. We complement our positive results with lower bounds on the performance of incremental algorithms. Finally, we consider tbe dual clustering problem where the clusters are of fixed diameter, and the goal is to minimize the number of clusters."
STOC,1997,636-643,"Aravind Srinivasan, Chung-Piaw Teo","A Constant-Factor Approximation Algorithm for Packet Routing, and Balancing Local vs. Global Criteria.",https://doi.org/10.1145/258533.258658,"We present the first constant-factor approximation algorithm for a fundamental problem: the store-and-fonvarzipacket muting prvbiem on arbitrary networks, Furthermore, the queue sizes required at the edges are bounded by an absolute constant. Thus, this algorithm balances a global criterion (routing time) with a local criterion (maximum queue size), and showshow to get simultaneousgood boundsfor both (though, for this particular problem, approximating the routing time well, even witbout considering the queue-sizes, was open). We then consider a class of such local vs. global problems in the context of covering integer programs, and show how to improve the local criterion by more than a constant (roughly logarithmic) factor, by losing a constant factor in the global criterion; this is in comparison with the current-best algorithms."
STOC,1997,644-653,"Rafail Ostrovsky, Yuval Rabani",Universal O(Congestion + Dilation + log1+epsilonN) Local Control Packet Switching Algorithms.,https://doi.org/10.1145/258533.258659,"In 1988, Leighton, Maggs and Rao proved a much celebrated result: that for any network, given any collection of packets with a specified route for each packet, there exists an “optimal” schedule for all these packets. That is, there exists a schedule of the motion of the packets such that at each step, every edge is crossed by at most one packet, and all the packets are delivered to their destinations in O (C+ D) steps, where C’is the ‘congestion”(ie, the maximum number of paths that share the same edge), and D is the “dih tion”(ie, the length of the longest path). The proof was non-constructive and relied on Loviisz Local Lemma. In a followup paper, Leighton, Maggs, and Richa gave a centralized algorithm for finding the schedule. The original paper left open the question whether there etists a constructive distributed “on-line” algorithm with the same optimal perfor-mance. Laat year, Rabani and Tardos presented a randomized local-control algorithm which with high probabtity delivers sll packets in time O (C+ D.((log* N) OflOg*‘))++(log iv)’). In this paper, we show a nearly optimal local control algorithm for this long-standing open problem. That is, we show a randomized local control algorithm which for any network topology delivers sll the packets to their destinations in time"
STOC,1997,654-663,"David R. Karger, Eric Lehman, Frank Thomson Leighton, Rina Panigrahy, Matthew S. Levine, Daniel Lewin 0001",Consistent Hashing and Random Trees: Distributed Caching Protocols for Relieving Hot Spots on the World Wide Web.,https://doi.org/10.1145/258533.258660,"Wedescribe a family of caching protocols for distrib-uted networks that can be used to decrease or eliminate the occurrence of hot spots in the network. Our protocols are particularly designed for use with very large networks such as the Internet, where delays caused by hot spots can be severe, and where it is not feasible for every server to have complete information about the current state of the entire network. The protocols are easy to implement using existing network protocols such as TCP/fF’, and require very little overhead. The protocols work with local control, make efficient use of existing resources, and scale gracefully as the network grows. Our caching protocols are based on a special kind of hashing that we call consistent hashing. Roughly speaking, a consistent hash function is one which changes nr. inimaflyas the range of the function changes. Through the development of good consistent hash functions, we are able to develop caching protocols which do not require users to have a current or even consistent view of the network. We believe that consistent hash functions may eventually prove to be useful in other applications such as distributed name servers and/or quorum systems."
STOC,1997,664-673,"Jon M. Kleinberg, Yuval Rabani, Éva Tardos",Allocating Bandwidth for Bursty Connections.,https://doi.org/10.1145/258533.258661,"In this paper, we undertake the first study of statistical multiplexing from the perspective of approximation algorithms. The basic issue underlying statistical multiplexing is the following: in high-speed networks, individual connections (ie communication sessions) are very bw-sty, with transmission rates that vary greatly over time. As such, the problem of packing multiple connections together on a link becomes more subtle than in the case when each connection is assumed to have a fixed demand. We consider one of the most commonly studied models in this domain: that of two communicating nodes connected by a set of parallel edges, where the rate of each connection between them is a random variable. We consider three related problems:(1) stochastic load balancing,(2) stochastic binpacking, and (3) stochastic knapsack. In the first problem the number of links is given and we want to minimize the expected value of the maximum load. In the other two problem the link capacity and art atlowed over@ w probability p are given, and the objective is to assign connections to links, so that the probability that the load exceeds the link capacity is at most p.For the stochastic load balancing problem we give an O (l)-approximation algorithm for arbitrary random variables. For the other two problems we have algorithms restricted to on-off sources (the most common special case studied in the statistical multiplexing literature), with a"
STOC,1997,674-681,"Vivek Gore, Mark Jerrum",The Swendsen-Wang Process Does Not Always Mix Rapidly.,https://doi.org/10.1145/258533.258662,"The Swendsen-Wang process provides one possible dynamics (an ergodic Markov chain) for the Q-state Potts model in statistical physics. Computer simulations of this process are widely used to estimate the expectations of various observable(random variables) of a Potts system in the equilibrium (or Gibbs) distribution. The legitimacy of such simulations depends on the rate of convergence of the process to equilibrium, often known as the mixing rate. Empirical observations suggest that the Swendsen-Wang process mixes rapidly in many instances of practical interest although no proofs of rapid mixing are known even for special cases. Surprisingly enough, we show that there are occasions on which the Swendsen-Wang process requires exponential time (in the size of the system) to approach equilibrium. This turns out to be related to the phenomenon of first-order phase transitions in Potts systems, which is a major area of research in statistical physics."
STOC,1997,682-687,"Michael Luby, Eric Vigoda",Approximately Counting Up To Four (Extended Abstract).,https://doi.org/10.1145/258533.258663,"We presenta fully-polynomial scheme to approximate the number of independentsets in graphs with maximum degree four. Ingeneral, for graphswithmaximum degree A~ 4, the scheme approximates a weighted sum of independent sets. The weight of each independent set is expressed in terms of a positive parameter A<~, where the weight of independent set S is Alsl, We also prove complementary hardness of approximation results, which show that it is hard to approximate the weighted sum for values of A>~ for some constant c> 0."
STOC,1997,688-695,James Allen Fill,An Interruptible Algorithm for Perfect Sampling via Markov Chains.,https://doi.org/10.1145/258533.258664,"For a large class of examples arising in statistical ph~ ics known as attnxtiue spin@ ems(eg, the Ising model), one seeks to sample from a probability distribution T on an enormously large state space, but elementary sampling is ruled out by the infeaaibility of calculating an appropriate normalizing constant. The same difficulty arises in computer science problems where one seeks to sample randomly from a large finite distributive lattice whose precise size cannot be ascertained in any reasonable amount of time. The Markov chain Monte Carlo (MCMC) approximate sampling approach to such a problem is to construct and run “for a long time” a Markov chain with long-run distribution r. But determining how long is long enough to get a good approximation can be both analytically and empirically difncult.Recently, Jim Propp and David Wilson have devised an ingenious and efficient algorithm to use the same Markov chains to produce per $ xt (ie, exact) samples from T. However, the nmning time of their algorithm is an unbounded random wuiable whoee order of magnitude is typically unknown a priori and which is not independent of the state sampled, so a naive user with limited patience who aborts a long run of the algorithm will introduce bias. We present a new algorithm which (1) again uses the"
STOC,1997,696-700,"Ravi Kannan, Santosh S. Vempala",Sampling Lattice Points.,https://doi.org/10.1145/258533.258665,"When is the volume of a convex polytope in R’close to the number of lattice points in the polytope? We show that if the polytope contains a ball of radius n-, where m is the number of facets, then the volume approximates the number of lattice points to within a constant factor. This general condition is then specialized to derive polynomial time sampling and counting algorithms for various combL natorird problems whose solutions can be viewed as lattice points of convex polytopea. We also show, via tight examples, that our condition is essentially the beat possible."
STOC,1997,701-710,Sandy Irani,Page Replacement with Multi-Size Pages and Applications to Web Caching.,https://doi.org/10.1145/258533.258666,"We consider the paging problem where the pages have varying size. This problem has applications to page replacement policies for caches containing World Wide Web documents. We consider two models for the cost of an algorithm on a request sequence. In this first,(the FAULT model) the goal is to minimize the number of page faults. In the second,(the BIT model) the goal is to minimize the total number of bits which have to be read into the cache. We show offline algorithms for both cost models which obtain approximation factors of O (log k), where k is the ratio of the size of the cache to the size of the smallest page. We show randomized online algorithms for both cost models which are O (log2 k)-competitive. In addition, if the input sequence is generated by a known distribution, we show algorithms for both cost models whose expected cost is within a factor of O (log k) of any other online algorithm."
STOC,1997,711-719,"Yair Bartal, Avrim Blum, Carl Burch, Andrew Tomkins",A polylog(n)-Competitive Algorithm for Metrical Task Systems.,https://doi.org/10.1145/258533.258667,"We present a randomized on-line algorithm for the Metrical Tti System problem that achieves a competitive ratio of O (log6 n) for arbitrary metric spaces, against art oblivious adversary. This is the first algorithm to achieve a sublinear competitive ratio for all mernc spaces. Our algorithm uses a recent result of Bart. al [Bar96] thatan arbitrarymetric space can be probabilistically approximated by a set of metric spaces called “k-hierarchical well-separated trees”(k-HST’S). Indeed, the main technical result of this paper is an 0 (} og2 n)-competitive algorithm for fl (log2 n)-HST spaces. This, combined with the result of [Bar96], yields the general bound. Note that for the k-server problem on metric spaces of k+ c points our result implies a competitive ratio of O (C6 log6 k)."
STOC,1997,720-729,"Alexis Maciel, Toniann Pitassi",On ACC0[pk] Frege Proofs.,https://doi.org/10.1145/258533.258669,"We show that for every prime power pk, quasipolynomiafsize bounded-depth Frege proofs with mod pk counting comectives can be simulated by quasipolynomiaf-size proofs of depth 3 consisting of a threshold connective at the output, mod pk connective on level two, and AND connective of small fan-in on level one. We argue that this result is a plausible first step towards proving lower bounds for bounded-depth Frege proofs with modular connective, an outstanding open problem. We also discuss possible int cresting consequences for automated theorem proving."
STOC,1997,730-738,"Manindra Agrawal, Eric Allender, Russell Impagliazzo, Toniann Pitassi, Steven Rudich",Reducing the Complexity of Reductions.,https://doi.org/10.1145/258533.258671,"More generafly, we show three theorems that hold for any comdexitv class C closed under (uniform) TCO-commtable man~-one” reductions. Isomorp’hism: The sets c~ mplete for Cunder ACO reductions are afl isomorphic under isomorphisms computable and invertible by ACOcircuits of depth three. Ga: p The sets that are complete for C under ACOand NC reducibility coincide. Stop Gap: The sets that are complete for C under ACO [mod 2] and ACO reducibility do not coincide.(These theorems hold both in the non-uniform and P-uniform settings.) To prove the second theorem for P-uniform settings, we show how to de-randomize a version of the switching lemma, which may be of independent interest.(We have recently learned that this result is originally due to Ajtai and Wigderson, but it has not been published.)"
STOC,1997,739-748,"Alexander A. Razborov, Avi Wigderson, Andrew Chi-Chih Yao","Read-Once Branching Programs, Rectangular Proofs of the Pigeonhole Principle and the Transversal Calculus.",https://doi.org/10.1145/258533.258673,"We investigate read-once branching programs for the following search problem: given a Boolean mxn matrix with m> n, find either an all-zero row, or two 1‘s in some column. Our primary motivation is that this models regular resolution proofs of the pigeonhole principle PHPnm, and that for rn> n2 no lower bounds are known for the length of such proofs. We prove exponential lower bounds (for arbitrarily large m!) if we further restrict this model by requiring the branching program either to finish one row of queries before asking queries about another row (the row model) or put the dual column restriction(the column model)."
STOC,1997,749,"Fan R. K. Chung, Shing-Tung Yau","Eigenvalues, Flows and Separators of Graphs.",https://doi.org/10.1145/258533.258675,"In [1], we claimed that eigenfunctions for a graph can be used to construct graph separators to within a constant factor of the optimum. It turns out that additional assumptions on the graph are needed to guarantee this. In particular, it is enough if the gaps between consecutive eigenvtdues are bounded away from zero. The key fact is the following: A function@ defined on the vertex set of G is said to be a 6-eigenfunction if II (L–~)~ 11 S r5A [[@ l [where L denotes the normalized Laplacian of G rmd A=(@, L@)/11~ 112.(For a k-regular graph, C is equal to the identity matrix minus 1/k times the adjacency matrix of the graph.) We prove that there exists a ti-eigenfunction which gives edge-cuts approximating the optimal separator within a factor of 100/6."
STOC,1997,750,"Lance Fortnow, Michael Sipser",Retraction of Probabilistic Computation and Linear Time.,https://doi.org/10.1145/258533.258677,"Retraction of probabilistic computation and linear time Page 1 Retraction of Probabilistic Computation and Linear Time Lance Fortnow* Michael Sipser MIT Math Dept. CambridgeMA02139 In the paper “Probabilistic Computation and Linear Time” [FS89] we claimed a proof ofthe following statement as our main result."
